{
  "products": [
    {
      "id": "2",
      "categoryId": "1",
      "name": "Cu te hột me",
      "image": "https://picsum.photos/640/480/",
      "price": "762.00",
      "description": "Bí đỏ (bí Hồ Lô) là loại quả có hình cầu hoặc hình trụ, khi chín trái bí có màu vàng cam, bên ngoài chia thành từng muối, bên trong có nhiều hạt, hạt dẹp, bí hình bầu dục có chứa nhiều dầu. CÔNG DỤNG • Bí đỏ có rất nhiều dinh dưỡng : - Hàm lượng các chất vitamin A trong bí đỏ giúp cải thiện thị giác.",
      "status": true,
      "quantity": 57587
    },
    {
      "id": "3",
      "categoryId": "2",
      "name": "Awesome Soft Fish",
      "image": "https://picsum.photos/640/480/",
      "price": "633.00",
      "description": "Bí đỏ (bí Hồ Lô) là loại quả có hình cầu hoặc hình trụ, khi chín trái bí có màu vàng cam, bên ngoài chia thành từng muối, bên trong có nhiều hạt, hạt dẹp, bí hình bầu dục có chứa nhiều dầu. CÔNG DỤNG • Bí đỏ có rất nhiều dinh dưỡng : - Hàm lượng các chất vitamin A trong bí đỏ giúp cải thiện thị giác.",
      "status": false,
      "quantity": 51117
    },
    {
      "id": "4",
      "categoryId": "2",
      "name": "Gorgeous Concrete Car",
      "image": "https://picsum.photos/640/480/",
      "price": "728.00",
      "description": "Bí đỏ (bí Hồ Lô) là loại quả có hình cầu hoặc hình trụ, khi chín trái bí có màu vàng cam, bên ngoài chia thành từng muối, bên trong có nhiều hạt, hạt dẹp, bí hình bầu dục có chứa nhiều dầu. CÔNG DỤNG • Bí đỏ có rất nhiều dinh dưỡng : - Hàm lượng các chất vitamin A trong bí đỏ giúp cải thiện thị giác.",
      "status": false,
      "quantity": 56
    },
    {
      "id": "6",
      "categoryId": "2",
      "name": "Gorgeous Metal Soap",
      "image": "https://picsum.photos/640/480/",
      "price": "654.00",
      "description": "Bí đỏ (bí Hồ Lô) là loại quả có hình cầu hoặc hình trụ, khi chín trái bí có màu vàng cam, bên ngoài chia thành từng muối, bên trong có nhiều hạt, hạt dẹp, bí hình bầu dục có chứa nhiều dầu. CÔNG DỤNG • Bí đỏ có rất nhiều dinh dưỡng : - Hàm lượng các chất vitamin A trong bí đỏ giúp cải thiện thị giác.",
      "status": true,
      "quantity": 26
    },
    {
      "id": "7",
      "categoryId": "2",
      "name": "Tasty Fresh Pizza",
      "image": "https://picsum.photos/640/480/",
      "price": "795.00",
      "description": "Bí đỏ (bí Hồ Lô) là loại quả có hình cầu hoặc hình trụ, khi chín trái bí có màu vàng cam, bên ngoài chia thành từng muối, bên trong có nhiều hạt, hạt dẹp, bí hình bầu dục có chứa nhiều dầu. CÔNG DỤNG • Bí đỏ có rất nhiều dinh dưỡng : - Hàm lượng các chất vitamin A trong bí đỏ giúp cải thiện thị giác.",
      "status": true,
      "quantity": 61
    },
    {
      "id": "8",
      "categoryId": "2",
      "name": "Tasty Concrete Towels",
      "image": "https://picsum.photos/640/480/",
      "price": "513.00",
      "description": "Bí đỏ (bí Hồ Lô) là loại quả có hình cầu hoặc hình trụ, khi chín trái bí có màu vàng cam, bên ngoài chia thành từng muối, bên trong có nhiều hạt, hạt dẹp, bí hình bầu dục có chứa nhiều dầu. CÔNG DỤNG • Bí đỏ có rất nhiều dinh dưỡng : - Hàm lượng các chất vitamin A trong bí đỏ giúp cải thiện thị giác.",
      "status": false,
      "quantity": 36
    },
    {
      "id": "9",
      "categoryId": "2",
      "name": "Awesome Metal Computer",
      "image": "https://picsum.photos/640/480/",
      "price": "741.00",
      "description": "Bí đỏ (bí Hồ Lô) là loại quả có hình cầu hoặc hình trụ, khi chín trái bí có màu vàng cam, bên ngoài chia thành từng muối, bên trong có nhiều hạt, hạt dẹp, bí hình bầu dục có chứa nhiều dầu. CÔNG DỤNG • Bí đỏ có rất nhiều dinh dưỡng : - Hàm lượng các chất vitamin A trong bí đỏ giúp cải thiện thị giác.",
      "status": false,
      "quantity": 29
    },
    {
      "id": "10",
      "categoryId": "2",
      "name": "Small Rubber Cheese",
      "image": "https://picsum.photos/640/480/",
      "price": "471.00",
      "description": "Bí đỏ (bí Hồ Lô) là loại quả có hình cầu hoặc hình trụ, khi chín trái bí có màu vàng cam, bên ngoài chia thành từng muối, bên trong có nhiều hạt, hạt dẹp, bí hình bầu dục có chứa nhiều dầu. CÔNG DỤNG • Bí đỏ có rất nhiều dinh dưỡng : - Hàm lượng các chất vitamin A trong bí đỏ giúp cải thiện thị giác.",
      "status": true,
      "quantity": 42
    },
    {
      "id": "11",
      "categoryId": "2",
      "name": "Handcrafted Soft Salad",
      "image": "https://picsum.photos/640/480/",
      "price": "824.00",
      "description": "Bí đỏ (bí Hồ Lô) là loại quả có hình cầu hoặc hình trụ, khi chín trái bí có màu vàng cam, bên ngoài chia thành từng muối, bên trong có nhiều hạt, hạt dẹp, bí hình bầu dục có chứa nhiều dầu. CÔNG DỤNG • Bí đỏ có rất nhiều dinh dưỡng : - Hàm lượng các chất vitamin A trong bí đỏ giúp cải thiện thị giác.",
      "status": true,
      "quantity": 86
    },
    {
      "id": "12",
      "categoryId": "2",
      "name": "Licensed Steel Soap",
      "image": "https://picsum.photos/640/480/",
      "price": "611.00",
      "description": "Bí đỏ (bí Hồ Lô) là loại quả có hình cầu hoặc hình trụ, khi chín trái bí có màu vàng cam, bên ngoài chia thành từng muối, bên trong có nhiều hạt, hạt dẹp, bí hình bầu dục có chứa nhiều dầu. CÔNG DỤNG • Bí đỏ có rất nhiều dinh dưỡng : - Hàm lượng các chất vitamin A trong bí đỏ giúp cải thiện thị giác.",
      "status": false,
      "quantity": 14
    },
    {
      "id": "13",
      "categoryId": "2",
      "name": "Handmade Frozen Ball",
      "image": "https://picsum.photos/640/480/",
      "price": "821.00",
      "description": "Bí đỏ (bí Hồ Lô) là loại quả có hình cầu hoặc hình trụ, khi chín trái bí có màu vàng cam, bên ngoài chia thành từng muối, bên trong có nhiều hạt, hạt dẹp, bí hình bầu dục có chứa nhiều dầu. CÔNG DỤNG • Bí đỏ có rất nhiều dinh dưỡng : - Hàm lượng các chất vitamin A trong bí đỏ giúp cải thiện thị giác.",
      "status": false,
      "quantity": 64
    },
    {
      "id": "14",
      "categoryId": "2",
      "name": "Handmade Plastic Table",
      "image": "https://picsum.photos/640/480/",
      "price": "894.00",
      "description": "Bí đỏ (bí Hồ Lô) là loại quả có hình cầu hoặc hình trụ, khi chín trái bí có màu vàng cam, bên ngoài chia thành từng muối, bên trong có nhiều hạt, hạt dẹp, bí hình bầu dục có chứa nhiều dầu. CÔNG DỤNG • Bí đỏ có rất nhiều dinh dưỡng : - Hàm lượng các chất vitamin A trong bí đỏ giúp cải thiện thị giác.",
      "status": true,
      "quantity": 94
    },
    {
      "id": "15",
      "categoryId": "2",
      "name": "Generic Fresh Gloves",
      "image": "https://picsum.photos/640/480/",
      "price": "156.00",
      "description": "Bí đỏ (bí Hồ Lô) là loại quả có hình cầu hoặc hình trụ, khi chín trái bí có màu vàng cam, bên ngoài chia thành từng muối, bên trong có nhiều hạt, hạt dẹp, bí hình bầu dục có chứa nhiều dầu. CÔNG DỤNG • Bí đỏ có rất nhiều dinh dưỡng : - Hàm lượng các chất vitamin A trong bí đỏ giúp cải thiện thị giác.",
      "status": false,
      "quantity": 13
    },
    {
      "id": "16",
      "categoryId": "2",
      "name": "Generic Soft Keyboard",
      "image": "https://picsum.photos/640/480/",
      "price": "933.00",
      "description": "Bí đỏ (bí Hồ Lô) là loại quả có hình cầu hoặc hình trụ, khi chín trái bí có màu vàng cam, bên ngoài chia thành từng muối, bên trong có nhiều hạt, hạt dẹp, bí hình bầu dục có chứa nhiều dầu. CÔNG DỤNG • Bí đỏ có rất nhiều dinh dưỡng : - Hàm lượng các chất vitamin A trong bí đỏ giúp cải thiện thị giác.",
      "status": true,
      "quantity": 64
    },
    {
      "id": "17",
      "categoryId": "2",
      "name": "Intelligent Granite Table",
      "image": "https://picsum.photos/640/480/",
      "price": "694.00",
      "description": "Bí đỏ (bí Hồ Lô) là loại quả có hình cầu hoặc hình trụ, khi chín trái bí có màu vàng cam, bên ngoài chia thành từng muối, bên trong có nhiều hạt, hạt dẹp, bí hình bầu dục có chứa nhiều dầu. CÔNG DỤNG • Bí đỏ có rất nhiều dinh dưỡng : - Hàm lượng các chất vitamin A trong bí đỏ giúp cải thiện thị giác.",
      "status": false,
      "quantity": 65
    },
    {
      "id": "18",
      "categoryId": "1",
      "name": "Small Soft Shirt",
      "image": "https://picsum.photos/640/480/",
      "price": "797.00",
      "description": "Bí đỏ (bí Hồ Lô) là loại quả có hình cầu hoặc hình trụ, khi chín trái bí có màu vàng cam, bên ngoài chia thành từng muối, bên trong có nhiều hạt, hạt dẹp, bí hình bầu dục có chứa nhiều dầu. CÔNG DỤNG • Bí đỏ có rất nhiều dinh dưỡng : - Hàm lượng các chất vitamin A trong bí đỏ giúp cải thiện thị giác.",
      "status": false,
      "quantity": 22
    },
    {
      "id": "19",
      "categoryId": "2",
      "name": "Rustic Metal Table",
      "image": "https://picsum.photos/640/480/",
      "price": "841.00",
      "description": "Bí đỏ (bí Hồ Lô) là loại quả có hình cầu hoặc hình trụ, khi chín trái bí có màu vàng cam, bên ngoài chia thành từng muối, bên trong có nhiều hạt, hạt dẹp, bí hình bầu dục có chứa nhiều dầu. CÔNG DỤNG • Bí đỏ có rất nhiều dinh dưỡng : - Hàm lượng các chất vitamin A trong bí đỏ giúp cải thiện thị giác.",
      "status": false,
      "quantity": 98
    },
    {
      "id": "20",
      "categoryId": "3",
      "name": "Incredible Soft Mouse",
      "image": "https://picsum.photos/640/480/",
      "price": "828.00",
      "description": "Bí đỏ (bí Hồ Lô) là loại quả có hình cầu hoặc hình trụ, khi chín trái bí có màu vàng cam, bên ngoài chia thành từng muối, bên trong có nhiều hạt, hạt dẹp, bí hình bầu dục có chứa nhiều dầu. CÔNG DỤNG • Bí đỏ có rất nhiều dinh dưỡng : - Hàm lượng các chất vitamin A trong bí đỏ giúp cải thiện thị giác.",
      "status": false,
      "quantity": 63
    },
    {
      "id": "YPWoYzJ"
    }
  ],
  "categories": [
    {
      "id": 1,
      "name": "Quần áo"
    },
    {
      "id": 2,
      "name": "Giày dép"
    },
    {
      "id": 3,
      "name": "Đồ gia dụng"
    }
  ]
}